<?xml version="1.0" encoding="UTF-8"?>
<urn:PluginConfiguration isInheritExtendedContractAttributes="false" name="pcvtestme" xmlns:urn="urn:sourceid.org:saml2:adapter:conf">
    <urn:Fields/>
    <urn:AdvancedFields/>
    <urn:Tables>
        <urn:Table name="Users">
            <urn:Row defaultRow="false">
                <urn:Field name="Username">example</urn:Field>
                <urn:Field name="Password">0OQKGk5vnIDNyCVq_2ELACj4jWtERt63USJBi8i75F0.SGbg4CS2.2</urn:Field>
                <urn:Field name="Confirm Password">pzqbP83TrL8AYMREKQ14IL6vzJWS-PuCNbpPtkPFQVc.oyI9JCeK.2</urn:Field>
                <urn:Field name="Relax Password Requirements">true</urn:Field>
            </urn:Row>
        </urn:Table>
    </urn:Tables>
</urn:PluginConfiguration>